
<markers><marker ID_RUTA = "211" ID_CLIENTE = "60453644" ESTADO = "NB" CIUDAD = "MONCTON" CODIGO_POSTAL = "E1C 1H4" CALLE = "55 VAUGHAN HARVEY DR" LATITUD = "46.09007" LONGITUD = "-64.79879" PROMEDIO_RATING = "3.7636363636363636" /><marker ID_RUTA = "211" ID_CLIENTE = "60453938" ESTADO = "NB" CIUDAD = "MONCTON" CODIGO_POSTAL = "E1C 2T6" CALLE = "1380 MOUNTAIN RD" LATITUD = "46.1098516" LONGITUD = "-64.8328446" PROMEDIO_RATING = "3.8277777777777778" /><marker ID_RUTA = "211" ID_CLIENTE = "60454029" ESTADO = "NB" CIUDAD = "MONCTON" CODIGO_POSTAL = "E1C 1H4" CALLE = "55 VAUGHAN HARVEY DR" LATITUD = "46.09007" LONGITUD = "-64.79879" PROMEDIO_RATING = "3.7636363636363636" /><marker ID_RUTA = "211" ID_CLIENTE = "60454084" ESTADO = "NB" CIUDAD = "MONCTON" CODIGO_POSTAL = "E1C 2T6" CALLE = "1380 MOUNTAIN RD" LATITUD = "46.1098516" LONGITUD = "-64.8328446" PROMEDIO_RATING = "3.8277777777777778" /><marker ID_RUTA = "211" ID_CLIENTE = "60455738" ESTADO = "NB" CIUDAD = "MONCTON" CODIGO_POSTAL = "E1G 2J7" CALLE = "25 TRINITY DR" LATITUD = "46.1175487" LONGITUD = "-64.827198" PROMEDIO_RATING = "3.7941176470588235" /><marker ID_RUTA = "211" ID_CLIENTE = "60455739" ESTADO = "NB" CIUDAD = "MONCTON" CODIGO_POSTAL = "E1G 2J7" CALLE = "25 TRINITY DR" LATITUD = "46.1175487" LONGITUD = "-64.827198" PROMEDIO_RATING = "3.7941176470588235" /><marker ID_RUTA = "1110" ID_CLIENTE = "60450656" ESTADO = "PE" CIUDAD = "SUMMERSIDE" CODIGO_POSTAL = "C1N 6G4" CALLE = "317 POPE RD" LATITUD = "46.410991" LONGITUD = "-63.791248" PROMEDIO_RATING = "4.3333333333333333" /><marker ID_RUTA = "1110" ID_CLIENTE = "60451085" ESTADO = "PE" CIUDAD = "SUMMERSIDE" CODIGO_POSTAL = "C1N 4S6" CALLE = "55 GREENWOOD DR" LATITUD = "46.3999267" LONGITUD = "-63.8029908" PROMEDIO_RATING = "4.5416666666666667" /><marker ID_RUTA = "1110" ID_CLIENTE = "60451463" ESTADO = "PE" CIUDAD = "MISCOUCHE" CODIGO_POSTAL = "C0B 1T0" CALLE = "20 LADY SLIPPER DR" LATITUD = "46.433376" LONGITUD = "-63.867149" PROMEDIO_RATING = "3.9166666666666667" /><marker ID_RUTA = "1110" ID_CLIENTE = "60451871" ESTADO = "PE" CIUDAD = "SUMMERSIDE" CODIGO_POSTAL = "C1N 5R1" CALLE = "195 HARBOUR DR" LATITUD = "46.3901207" LONGITUD = "-63.7884111" PROMEDIO_RATING = "4.2923076923076923" /><marker ID_RUTA = "1110" ID_CLIENTE = "60451934" ESTADO = "PE" CIUDAD = "SUMMERSIDE" CODIGO_POSTAL = "C1N 4K2" CALLE = "618 WATER ST E" LATITUD = "46.3937934" LONGITUD = "-63.7692825" PROMEDIO_RATING = "4.5200000000000000" /><marker ID_RUTA = "1110" ID_CLIENTE = "60451979" ESTADO = "PE" CIUDAD = "SUMMERSIDE" CODIGO_POSTAL = "C1N 3L4" CALLE = "108 CENTRAL ST" LATITUD = "46.395614" LONGITUD = "-63.791843" PROMEDIO_RATING = "4.2300000000000000" /><marker ID_RUTA = "1110" ID_CLIENTE = "60452306" ESTADO = "PE" CIUDAD = "WELLINGTON STATION" CODIGO_POSTAL = "C0B 2E0" CALLE = "64 RUE SUNSET CP 88" LATITUD = "46.455787" LONGITUD = "-64.0041959" PROMEDIO_RATING = "4.2666666666666667" /><marker ID_RUTA = "1110" ID_CLIENTE = "60452489" ESTADO = "PE" CIUDAD = "TYNE VALLEY" CODIGO_POSTAL = "C0B 2C0" CALLE = "61 BIDEFORD RD" LATITUD = "46.580134" LONGITUD = "-63.9302438" PROMEDIO_RATING = "4.8200000000000000" /><marker ID_RUTA = "1110" ID_CLIENTE = "60452873" ESTADO = "PE" CIUDAD = "ELLERSLIE" CODIGO_POSTAL = "C0B 1J0" CALLE = "1256 ELLERSLIE RD" LATITUD = "46.607208" LONGITUD = "-63.933296" PROMEDIO_RATING = "3.8000000000000000" /><marker ID_RUTA = "1110" ID_CLIENTE = "60453362" ESTADO = "PE" CIUDAD = "SUMMERSIDE" CODIGO_POSTAL = "C1N 3V5" CALLE = "256 ELM ST" LATITUD = "46.4017706" LONGITUD = "-63.795383" PROMEDIO_RATING = "3.9000000000000000" /><marker ID_RUTA = "1110" ID_CLIENTE = "60453749" ESTADO = "PE" CIUDAD = "WELLINGTON STATION" CODIGO_POSTAL = "C0B 2E0" CALLE = "85 SUNSET DR" LATITUD = "46.4580728" LONGITUD = "-64.0075009" PROMEDIO_RATING = "4.8000000000000000" /><marker ID_RUTA = "1110" ID_CLIENTE = "60454028" ESTADO = "PE" CIUDAD = "SUMMERSIDE" CODIGO_POSTAL = "C1N 3C3" CALLE = "475 GRANVILLE ST" LATITUD = "46.4123892" LONGITUD = "-63.7819429" PROMEDIO_RATING = "3.9176470588235294" /><marker ID_RUTA = "1110" ID_CLIENTE = "60454090" ESTADO = "PE" CIUDAD = "SUMMERSIDE" CODIGO_POSTAL = "C1N 3C3" CALLE = "475 GRANVILLE ST" LATITUD = "46.4123892" LONGITUD = "-63.7819429" PROMEDIO_RATING = "3.9176470588235294" /><marker ID_RUTA = "1110" ID_CLIENTE = "60454173" ESTADO = "PE" CIUDAD = "TYNE VALLEY" CODIGO_POSTAL = "C0B 2C0" CALLE = "1329 PORTHILL STREET" LATITUD = "46.5765886" LONGITUD = "-63.9288062" PROMEDIO_RATING = "4.5250000000000000" /><marker ID_RUTA = "1110" ID_CLIENTE = "60454313" ESTADO = "PE" CIUDAD = "MISCOUCHE" CODIGO_POSTAL = "C0B 1T0" CALLE = "4 MAIN DR" LATITUD = "46.432543" LONGITUD = "-63.867744" PROMEDIO_RATING = "3.9166666666666667" /><marker ID_RUTA = "1110" ID_CLIENTE = "60454454" ESTADO = "PE" CIUDAD = "SLEMON PARK" CODIGO_POSTAL = "C0B 2A0" CALLE = "10 SLEMON PARK DR" LATITUD = "46.4313209" LONGITUD = "-63.8282922" PROMEDIO_RATING = "3.0000000000000000" /><marker ID_RUTA = "1110" ID_CLIENTE = "60454542" ESTADO = "PE" CIUDAD = "WELLINGTON STATION" CODIGO_POSTAL = "C0B 2E0" CALLE = "16 PONDSIDE DR" LATITUD = "46.4538293" LONGITUD = "-63.9995297" PROMEDIO_RATING = "4.0000000000000000" /><marker ID_RUTA = "1110" ID_CLIENTE = "60454598" ESTADO = "PE" CIUDAD = "ELLERSLIE" CODIGO_POSTAL = "C0B 1J0" CALLE = "1072 ELLERSLIE RD" LATITUD = "46.6035203" LONGITUD = "-63.9440801" PROMEDIO_RATING = "5.0000000000000000" /><marker ID_RUTA = "1110" ID_CLIENTE = "60454997" ESTADO = "PE" CIUDAD = "SUMMERSIDE" CODIGO_POSTAL = "C1N 4T8" CALLE = "48 WATER ST" LATITUD = "46.3912633" LONGITUD = "-63.7772088" PROMEDIO_RATING = "4.3733333333333333" /><marker ID_RUTA = "1110" ID_CLIENTE = "60454999" ESTADO = "PE" CIUDAD = "RICHMOND" CODIGO_POSTAL = "C0B 1Y0" CALLE = "31460 WESTERN RD" LATITUD = "46.50843" LONGITUD = "-63.991458" PROMEDIO_RATING = "4.3333333333333333" /><marker ID_RUTA = "1110" ID_CLIENTE = "60455580" ESTADO = "PE" CIUDAD = "SUMMERSIDE" CODIGO_POSTAL = "C1N 3Z6" CALLE = "571 SOUTH DR" LATITUD = "46.402019" LONGITUD = "-63.809757" PROMEDIO_RATING = "4.7375000000000000" /><marker ID_RUTA = "1110" ID_CLIENTE = "60456053" ESTADO = "PE" CIUDAD = "SUMMERSIDE" CODIGO_POSTAL = "C1N 5X5" CALLE = "382 DUKE ST" LATITUD = "46.4096485" LONGITUD = "-63.7911103" PROMEDIO_RATING = "4.4285714285714286" /><marker ID_RUTA = "1110" ID_CLIENTE = "60456747" ESTADO = "PE" CIUDAD = "SUMMERSIDE" CODIGO_POSTAL = "C1N 1A9" CALLE = "110 WATER ST" LATITUD = "46.3902886" LONGITUD = "-63.7838616" PROMEDIO_RATING = "4.3533333333333333" /><marker ID_RUTA = "1110" ID_CLIENTE = "60456749" ESTADO = "PE" CIUDAD = "ELLERSLIE" CODIGO_POSTAL = "C0B 1J0" CALLE = "474 OATWAY RD" LATITUD = "46.6568763" LONGITUD = "-63.9861687" PROMEDIO_RATING = "1.00000000000000000000" /><marker ID_RUTA = "1110" ID_CLIENTE = "60456752" ESTADO = "PE" CIUDAD = "SUMMERSIDE" CODIGO_POSTAL = "C1N 4V8" CALLE = "100 DARBY DR" LATITUD = "46.4133539" LONGITUD = "-63.8137268" PROMEDIO_RATING = "5.0000000000000000" /><marker ID_RUTA = "1110" ID_CLIENTE = "60456754" ESTADO = "PE" CIUDAD = "SUMMERSIDE" CODIGO_POSTAL = "C0B 2A0" CALLE = "800 AEROSPACE BLVD" LATITUD = "46.4484653" LONGITUD = "-63.8141473" PROMEDIO_RATING = "4.6500000000000000" /><marker ID_RUTA = "1110" ID_CLIENTE = "60456755" ESTADO = "PE" CIUDAD = "SUMMERSIDE" CODIGO_POSTAL = "C1N 3K8" CALLE = "27 CENTRAL ST" LATITUD = "46.392784" LONGITUD = "-63.792217" PROMEDIO_RATING = "4.1100000000000000" /><marker ID_RUTA = "1110" ID_CLIENTE = "60456756" ESTADO = "PE" CIUDAD = "RICHMOND" CODIGO_POSTAL = "C0B 1Y0" CALLE = "31376 WESTERN RD" LATITUD = "46.504722" LONGITUD = "-63.990722" PROMEDIO_RATING = "4.3333333333333333" /><marker ID_RUTA = "1110" ID_CLIENTE = "60456757" ESTADO = "PE" CIUDAD = "FREELAND" CODIGO_POSTAL = "C0B 1J0" CALLE = "9552 RTE 12 WEST" LATITUD = "46.6796896" LONGITUD = "-63.9795497" PROMEDIO_RATING = "4.0000000000000000" /><marker ID_RUTA = "1110" ID_CLIENTE = "60456758" ESTADO = "PE" CIUDAD = "SUMMERSIDE" CODIGO_POSTAL = "C1N 1B5" CALLE = "271 WATER ST" LATITUD = "46.391666" LONGITUD = "-63.790939" PROMEDIO_RATING = "4.1363636363636364" /><marker ID_RUTA = "1110" ID_CLIENTE = "60456760" ESTADO = "PE" CIUDAD = "WELLINGTON STATION" CODIGO_POSTAL = "C0B 2E0" CALLE = "16 COMMERCIAL ST" LATITUD = "46.4536779" LONGITUD = "-64.002243" PROMEDIO_RATING = "4.2000000000000000" /><marker ID_RUTA = "1110" ID_CLIENTE = "60456761" ESTADO = "PE" CIUDAD = "MISCOUCHE" CODIGO_POSTAL = "C0B 1T0" CALLE = "131 MAIN DR E" LATITUD = "46.429077" LONGITUD = "-63.848766" PROMEDIO_RATING = "4.1500000000000000" /><marker ID_RUTA = "1110" ID_CLIENTE = "60458787" ESTADO = "PE" CIUDAD = "SUMMERSIDE" CODIGO_POSTAL = "C1N 4A1" CALLE = "126 BAYVIEW DR" LATITUD = "46.40493" LONGITUD = "-63.815658" PROMEDIO_RATING = "3.9333333333333333" /><marker ID_RUTA = "1110" ID_CLIENTE = "60459851" ESTADO = "PE" CIUDAD = "MISCOUCHE" CODIGO_POSTAL = "C0B 1T0" CALLE = "P O BOX 23" LATITUD = "46.4517772" LONGITUD = "-63.8875378" PROMEDIO_RATING = "5.0000000000000000" /><marker ID_RUTA = "1110" ID_CLIENTE = "60460055" ESTADO = "PE" CIUDAD = "RICHMOND" CODIGO_POSTAL = "C0B 1Y0" CALLE = "31441 HWY 2" LATITUD = "46.5075499" LONGITUD = "-63.9913129" PROMEDIO_RATING = "4.3333333333333333" /><marker ID_RUTA = "1110" ID_CLIENTE = "60460059" ESTADO = "PE" CIUDAD = "SUMMERSIDE" CODIGO_POSTAL = "C1N 4H7" CALLE = "612 WATER ST" LATITUD = "46.3929998" LONGITUD = "-63.7700778" PROMEDIO_RATING = "4.4666666666666667" /><marker ID_RUTA = "1110" ID_CLIENTE = "60471996" ESTADO = "PE" CIUDAD = "SUMMERSIDE" CODIGO_POSTAL = "C1N 3Z9" CALLE = "11 BAYVIEW DR" LATITUD = "46.4043442" LONGITUD = "-63.8105158" PROMEDIO_RATING = "4.5500000000000000" /><marker ID_RUTA = "1236" ID_CLIENTE = "60451196" ESTADO = "NB" CIUDAD = "DIEPPE" CODIGO_POSTAL = "E1A 1M1" CALLE = "448 GAUVIN RD" LATITUD = "46.0965499" LONGITUD = "-64.7364773" PROMEDIO_RATING = "4.4300000000000000" /><marker ID_RUTA = "1236" ID_CLIENTE = "60451352" ESTADO = "NB" CIUDAD = "DIEPPE" CODIGO_POSTAL = "E1A 0W5" CALLE = "125 AUCOIN ST" LATITUD = "46.0778195" LONGITUD = "-64.6943264" PROMEDIO_RATING = "5.0000000000000000" /><marker ID_RUTA = "1236" ID_CLIENTE = "60451547" ESTADO = "NB" CIUDAD = "DIEPPE" CODIGO_POSTAL = "E1A 4X5" CALLE = "477 PAUL ST" LATITUD = "46.0959951" LONGITUD = "-64.7611894" PROMEDIO_RATING = "3.9142857142857143" /><marker ID_RUTA = "1236" ID_CLIENTE = "60451715" ESTADO = "NB" CIUDAD = "DIEPPE" CODIGO_POSTAL = "E1A 1H9" CALLE = "514 AVE ACADIE" LATITUD = "46.0976407" LONGITUD = "-64.7544744" PROMEDIO_RATING = "3.9222222222222222" /><marker ID_RUTA = "1236" ID_CLIENTE = "60451718" ESTADO = "NB" CIUDAD = "MONCTON" CODIGO_POSTAL = "E1A 8V2" CALLE = "125 MURPHY AVE" LATITUD = "46.1182469" LONGITUD = "-64.777176" PROMEDIO_RATING = "4.0272727272727273" /><marker ID_RUTA = "1236" ID_CLIENTE = "60451796" ESTADO = "NB" CIUDAD = "DIEPPE" CODIGO_POSTAL = "E1A 1N8" CALLE = "123 RUE CHAMPLAIN" LATITUD = "46.0947802" LONGITUD = "-64.7522062" PROMEDIO_RATING = "3.9400000000000000" /><marker ID_RUTA = "1236" ID_CLIENTE = "60451940" ESTADO = "NB" CIUDAD = "DIEPPE" CODIGO_POSTAL = "E1A 5R4" CALLE = "465 PAUL ST" LATITUD = "46.0963638" LONGITUD = "-64.7572004" PROMEDIO_RATING = "3.8266666666666667" /><marker ID_RUTA = "1236" ID_CLIENTE = "60452498" ESTADO = "NB" CIUDAD = "MONCTON" CODIGO_POSTAL = "E1A 6Y2" CALLE = "110 MURPHY AVE" LATITUD = "46.117355" LONGITUD = "-64.7779802" PROMEDIO_RATING = "3.9100000000000000" /><marker ID_RUTA = "1236" ID_CLIENTE = "60452987" ESTADO = "NB" CIUDAD = "MONCTON" CODIGO_POSTAL = "E1A 1L9" CALLE = "175 VIRGINIA AVE" LATITUD = "46.0930604" LONGITUD = "-64.7489232" PROMEDIO_RATING = "4.4461538461538462" /><marker ID_RUTA = "1236" ID_CLIENTE = "60453011" ESTADO = "NB" CIUDAD = "DIEPPE" CODIGO_POSTAL = "E1A 1P2" CALLE = "36 CHARTERVILLE RD" LATITUD = "46.0851685" LONGITUD = "-64.7315464" PROMEDIO_RATING = "4.2800000000000000" /><marker ID_RUTA = "1236" ID_CLIENTE = "60453059" ESTADO = "NB" CIUDAD = "DIEPPE" CODIGO_POSTAL = "E1A 9J8" CALLE = "600 BLVD DIEPPE" LATITUD = "46.0972974" LONGITUD = "-64.7001261" PROMEDIO_RATING = "4.2600000000000000" /><marker ID_RUTA = "1236" ID_CLIENTE = "60453239" ESTADO = "NB" CIUDAD = "DIEPPE" CODIGO_POSTAL = "E1A 6W8" CALLE = "451 PAUL ST" LATITUD = "46.0951611" LONGITUD = "-64.7562216" PROMEDIO_RATING = "3.8133333333333333" /><marker ID_RUTA = "1236" ID_CLIENTE = "60453245" ESTADO = "NB" CIUDAD = "DIEPPE" CODIGO_POSTAL = "E1A 6X4" CALLE = "100 MIDLAND DRIVE" LATITUD = "46.1031902" LONGITUD = "-64.7104816" PROMEDIO_RATING = "3.9928571428571429" /><marker ID_RUTA = "1236" ID_CLIENTE = "60453302" ESTADO = "NB" CIUDAD = "MONCTON" CODIGO_POSTAL = "E1A 3E9" CALLE = "19 AVE. ANTONINE-MAILLET" LATITUD = "46.1057294" LONGITUD = "-64.7837559" PROMEDIO_RATING = "3.7000000000000000" /><marker ID_RUTA = "1236" ID_CLIENTE = "60453401" ESTADO = "NB" CIUDAD = "DIEPPE" CODIGO_POSTAL = "E1A 8L8" CALLE = "1040 RUE CHAMPLAIN" LATITUD = "46.1034882" LONGITUD = "-64.706428" PROMEDIO_RATING = "4.1714285714285714" /><marker ID_RUTA = "1236" ID_CLIENTE = "60453482" ESTADO = "NB" CIUDAD = "MONCTON" CODIGO_POSTAL = "E1A 5G7" CALLE = "500 ELMWOOD DR" LATITUD = "46.1190272" LONGITUD = "-64.7740711" PROMEDIO_RATING = "4.2384615384615385" /><marker ID_RUTA = "1236" ID_CLIENTE = "60453943" ESTADO = "NB" CIUDAD = "MONCTON" CODIGO_POSTAL = "E1A 3W8" CALLE = "29 ELMWOOD DR" LATITUD = "46.1035636" LONGITUD = "-64.7734551" PROMEDIO_RATING = "4.1733333333333333" /><marker ID_RUTA = "1236" ID_CLIENTE = "60453944" ESTADO = "NB" CIUDAD = "MONCTON" CODIGO_POSTAL = "E1A 3H8" CALLE = "99 MORTON AVE" LATITUD = "46.111919" LONGITUD = "-64.7795778" PROMEDIO_RATING = "3.8461538461538462" /><marker ID_RUTA = "1236" ID_CLIENTE = "60454316" ESTADO = "NB" CIUDAD = "DIEPPE" CODIGO_POSTAL = "E1A 9G5" CALLE = "800 DIEPPE BOULEVARD" LATITUD = "46.0945062" LONGITUD = "-64.6942188" PROMEDIO_RATING = "4.4600000000000000" /><marker ID_RUTA = "1236" ID_CLIENTE = "60454404" ESTADO = "NB" CIUDAD = "DIEPPE" CODIGO_POSTAL = "E1A 1P5" CALLE = "748 CHAMPLAIN STREET" LATITUD = "46.1006647" LONGITUD = "-64.7227336" PROMEDIO_RATING = "4.1666666666666667" /><marker ID_RUTA = "1236" ID_CLIENTE = "60454839" ESTADO = "NB" CIUDAD = "MONCTON" CODIGO_POSTAL = "E1A 2X4" CALLE = "565 ELMWOOD DR" LATITUD = "46.122582" LONGITUD = "-64.770549" PROMEDIO_RATING = "4.2666666666666667" /><marker ID_RUTA = "1236" ID_CLIENTE = "60455445" ESTADO = "NB" CIUDAD = "MONCTON" CODIGO_POSTAL = "E1H 2H2" CALLE = "1076 ELMWOOD DR" LATITUD = "46.1383565" LONGITUD = "-64.7727023" PROMEDIO_RATING = "4.5250000000000000" /><marker ID_RUTA = "1236" ID_CLIENTE = "60455454" ESTADO = "NB" CIUDAD = "MONCTON" CODIGO_POSTAL = "E1A 1X6" CALLE = "355 ELMWOOD DR" LATITUD = "46.1154044" LONGITUD = "-64.7724089" PROMEDIO_RATING = "4.0066666666666667" /><marker ID_RUTA = "1236" ID_CLIENTE = "60455458" ESTADO = "NB" CIUDAD = "DIEPPE" CODIGO_POSTAL = "E1A 2B9" CALLE = "450 PAUL ST" LATITUD = "46.0960622" LONGITUD = "-64.7564094" PROMEDIO_RATING = "3.8133333333333333" /><marker ID_RUTA = "1236" ID_CLIENTE = "60455604" ESTADO = "NB" CIUDAD = "MONCTON" CODIGO_POSTAL = "E1A 4X5" CALLE = "477 PAUL ST" LATITUD = "46.0959951" LONGITUD = "-64.7611894" PROMEDIO_RATING = "3.9142857142857143" /><marker ID_RUTA = "1236" ID_CLIENTE = "60455610" ESTADO = "NB" CIUDAD = "DIEPPE" CODIGO_POSTAL = "E1A 1N3" CALLE = "6 CHAMPLAIN ST" LATITUD = "46.0931827" LONGITUD = "-64.7610364" PROMEDIO_RATING = "3.8428571428571429" /><marker ID_RUTA = "1236" ID_CLIENTE = "60456032" ESTADO = "NB" CIUDAD = "MONCTON" CODIGO_POSTAL = "E1A 5P7" CALLE = "11 BEECHWOOD AVE." LATITUD = "46.1153033" LONGITUD = "-64.7822899" PROMEDIO_RATING = "3.9888888888888889" /><marker ID_RUTA = "1236" ID_CLIENTE = "60456033" ESTADO = "NB" CIUDAD = "MONCTON" CODIGO_POSTAL = "E1A 3L5" CALLE = "44 BEECHWOOD" LATITUD = "46.1158664" LONGITUD = "-64.781272" PROMEDIO_RATING = "3.7222222222222222" /><marker ID_RUTA = "1236" ID_CLIENTE = "60456103" ESTADO = "NB" CIUDAD = "DIEPPE" CODIGO_POSTAL = "E1A 6S5" CALLE = "499 PAUL ST" LATITUD = "46.0994265" LONGITUD = "-64.7615807" PROMEDIO_RATING = "3.8714285714285714" /><marker ID_RUTA = "1236" ID_CLIENTE = "60456288" ESTADO = "NB" CIUDAD = "DIEPPE" CODIGO_POSTAL = "E1A 1N5" CALLE = "157 CHAMPLAIN ST" LATITUD = "46.0951845" LONGITUD = "-64.7514663" PROMEDIO_RATING = "4.0600000000000000" /><marker ID_RUTA = "1236" ID_CLIENTE = "60458165" ESTADO = "NB" CIUDAD = "MONCTON" CODIGO_POSTAL = "E1A 3L4" CALLE = "126 VAIL ST" LATITUD = "46.1157427" LONGITUD = "-64.7781664" PROMEDIO_RATING = "3.8166666666666667" /><marker ID_RUTA = "1236" ID_CLIENTE = "60458167" ESTADO = "NB" CIUDAD = "MONCTON" CODIGO_POSTAL = "E1A 4A4" CALLE = "61 MILL RD" LATITUD = "46.1072198" LONGITUD = "-64.766932" PROMEDIO_RATING = "3.8000000000000000" /><marker ID_RUTA = "1236" ID_CLIENTE = "60458834" ESTADO = "NB" CIUDAD = "DIEPPE" CODIGO_POSTAL = "E1A 0R9" CALLE = "615 BLVD DIEPPE" LATITUD = "46.0965531" LONGITUD = "-64.7005561" PROMEDIO_RATING = "4.3900000000000000" /><marker ID_RUTA = "1236" ID_CLIENTE = "60459517" ESTADO = "NB" CIUDAD = "DIEPPE" CODIGO_POSTAL = "E1A 5Y7" CALLE = "502 KENNEDY ST" LATITUD = "46.0990505" LONGITUD = "-64.7593518" PROMEDIO_RATING = "3.9133333333333333" /><marker ID_RUTA = "1236" ID_CLIENTE = "60459940" ESTADO = "NB" CIUDAD = "MONCTON" CODIGO_POSTAL = "E1C 5R8" CALLE = "418 HIGHFIELD STREET" LATITUD = "46.1003853" LONGITUD = "-64.7897547" PROMEDIO_RATING = "4.4888888888888889" /><marker ID_RUTA = "1236" ID_CLIENTE = "60460015" ESTADO = "NB" CIUDAD = "DIEPPE" CODIGO_POSTAL = "E1A 0R9" CALLE = "615 BLVD DIEPPE" LATITUD = "46.0965531" LONGITUD = "-64.7005561" PROMEDIO_RATING = "4.3900000000000000" /><marker ID_RUTA = "1236" ID_CLIENTE = "60460024" ESTADO = "NB" CIUDAD = "MONCTON" CODIGO_POSTAL = "E1A 1Y6" CALLE = "365 ELMWOOD DR" LATITUD = "46.1160621" LONGITUD = "-64.7728106" PROMEDIO_RATING = "3.9785714285714286" /><marker ID_RUTA = "1236" ID_CLIENTE = "60472041" ESTADO = "NB" CIUDAD = "DIEPPE" CODIGO_POSTAL = "E1A 1N3" CALLE = "80 CHAMPLAIN ST" LATITUD = "46.0943443" LONGITUD = "-64.7545189" PROMEDIO_RATING = "3.9058823529411765" /><marker ID_RUTA = "1236" ID_CLIENTE = "60483786" ESTADO = "NB" CIUDAD = "DIEPPE" CODIGO_POSTAL = "E1A 1M2" CALLE = "275 GAUVIN RD" LATITUD = "46.0951306" LONGITUD = "-64.744907" PROMEDIO_RATING = "4.6538461538461538" /><marker ID_RUTA = "1236" ID_CLIENTE = "60483967" ESTADO = "NB" CIUDAD = "MONCTON" CODIGO_POSTAL = "E1A 3L4" CALLE = "126 VAIL ST" LATITUD = "46.1157427" LONGITUD = "-64.7781664" PROMEDIO_RATING = "3.8166666666666667" /><marker ID_RUTA = "1603" ID_CLIENTE = "60451211" ESTADO = "NS" CIUDAD = "HALIFAX" CODIGO_POSTAL = "B3K 2A3" CALLE = "6061 YOUNG ST" LATITUD = "44.6588595" LONGITUD = "-63.6034085" PROMEDIO_RATING = "3.9812500000000000" /><marker ID_RUTA = "1603" ID_CLIENTE = "60451475" ESTADO = "NS" CIUDAD = "HALIFAX" CODIGO_POSTAL = "B3K 2R9" CALLE = "6151 LADY HAMMOND RD" LATITUD = "44.6655936" LONGITUD = "-63.614337" PROMEDIO_RATING = "4.3214285714285714" /><marker ID_RUTA = "1603" ID_CLIENTE = "60452153" ESTADO = "NS" CIUDAD = "HALIFAX" CODIGO_POSTAL = "B3K 3M3" CALLE = "3405 DEVONSHIRE AVE" LATITUD = "44.6676083" LONGITUD = "-63.6031829" PROMEDIO_RATING = "3.8272727272727273" /><marker ID_RUTA = "1603" ID_CLIENTE = "60452714" ESTADO = "NS" CIUDAD = "HALIFAX" CODIGO_POSTAL = "B3J 3C4" CALLE = "5685 LEEDS STREET" LATITUD = "44.669196" LONGITUD = "-63.613437" PROMEDIO_RATING = "4.2111111111111111" /><marker ID_RUTA = "1603" ID_CLIENTE = "60453083" ESTADO = "NS" CIUDAD = "HALIFAX" CODIGO_POSTAL = "B3K 4X7" CALLE = "3462 KEMPT RD." LATITUD = "44.6620347" LONGITUD = "-63.613311" PROMEDIO_RATING = "4.2312500000000000" /><marker ID_RUTA = "1603" ID_CLIENTE = "60453995" ESTADO = "NS" CIUDAD = "HALIFAX" CODIGO_POSTAL = "B3K 2R4" CALLE = "5921 LADY HAMMOND RD" LATITUD = "44.665312" LONGITUD = "-63.610641" PROMEDIO_RATING = "3.9846153846153846" /><marker ID_RUTA = "1603" ID_CLIENTE = "60454358" ESTADO = "NS" CIUDAD = "DARTMOUTH" CODIGO_POSTAL = "B3A 3L2" CALLE = "210 WYSE RD" LATITUD = "44.674188" LONGITUD = "-63.5829212" PROMEDIO_RATING = "4.0611111111111111" /><marker ID_RUTA = "1603" ID_CLIENTE = "60454359" ESTADO = "NS" CIUDAD = "DARTMOUTH" CODIGO_POSTAL = "B3A 3L2" CALLE = "210 WYSE RD." LATITUD = "44.674188" LONGITUD = "-63.5829212" PROMEDIO_RATING = "4.0611111111111111" /><marker ID_RUTA = "1603" ID_CLIENTE = "60454730" ESTADO = "NS" CIUDAD = "HALIFAX" CODIGO_POSTAL = "B3S 1C9" CALLE = "220 CHAIN LAKE DR" LATITUD = "44.6549266" LONGITUD = "-63.6777945" PROMEDIO_RATING = "3.8111111111111111" /><marker ID_RUTA = "1603" ID_CLIENTE = "60454809" ESTADO = "NS" CIUDAD = "HALIFAX" CODIGO_POSTAL = "B3K 2M5" CALLE = "5515 DUFFUS ST" LATITUD = "44.6676616" LONGITUD = "-63.6068528" PROMEDIO_RATING = "4.3571428571428571" /><marker ID_RUTA = "1603" ID_CLIENTE = "60454859" ESTADO = "NS" CIUDAD = "HALIFAX" CODIGO_POSTAL = "B3J 3C4" CALLE = "5685 LEEDS ST" LATITUD = "44.6690093" LONGITUD = "-63.613228" PROMEDIO_RATING = "4.1800000000000000" /><marker ID_RUTA = "1603" ID_CLIENTE = "60455633" ESTADO = "NS" CIUDAD = "HALIFAX" CODIGO_POSTAL = "B3K 2A1" CALLE = "6049 YOUNG ST" LATITUD = "44.6589894" LONGITUD = "-63.6032309" PROMEDIO_RATING = "3.9812500000000000" /><marker ID_RUTA = "1603" ID_CLIENTE = "60456312" ESTADO = "NS" CIUDAD = "HALIFAX" CODIGO_POSTAL = "B3K 3C9" CALLE = "2816 GOTTINGGEN STREET" LATITUD = "44.6601098" LONGITUD = "-63.5954805" PROMEDIO_RATING = "4.2466666666666667" /><marker ID_RUTA = "1603" ID_CLIENTE = "60456393" ESTADO = "NS" CIUDAD = "HALIFAX" CODIGO_POSTAL = "B3K 3C9" CALLE = "2816 GOTTINGGEN ST" LATITUD = "44.6601098" LONGITUD = "-63.5954805" PROMEDIO_RATING = "4.2466666666666667" /><marker ID_RUTA = "1603" ID_CLIENTE = "60456669" ESTADO = "NS" CIUDAD = "HALIFAX" CODIGO_POSTAL = "B3K 4X8" CALLE = "3644 KEMPT RD" LATITUD = "44.6626655" LONGITUD = "-63.6183406" PROMEDIO_RATING = "4.1133333333333333" /><marker ID_RUTA = "1603" ID_CLIENTE = "60458171" ESTADO = "NS" CIUDAD = "HALIFAX" CODIGO_POSTAL = "B3K 4S7" CALLE = "3545 ROBIE ST" LATITUD = "44.6654409" LONGITUD = "-63.610592" PROMEDIO_RATING = "4.0384615384615385" /><marker ID_RUTA = "1603" ID_CLIENTE = "60458173" ESTADO = "NS" CIUDAD = "HALIFAX" CODIGO_POSTAL = "B3L 3P7" CALLE = "3299 CONNALLY ST" LATITUD = "44.6559156" LONGITUD = "-63.6145954" PROMEDIO_RATING = "4.5166666666666667" /><marker ID_RUTA = "1603" ID_CLIENTE = "60458174" ESTADO = "NS" CIUDAD = "HALIFAX" CODIGO_POSTAL = "B3K 4P2" CALLE = "2752 ROBIE ST" LATITUD = "44.6567273" LONGITUD = "-63.5980884" PROMEDIO_RATING = "3.8875000000000000" /><marker ID_RUTA = "1603" ID_CLIENTE = "60458176" ESTADO = "NS" CIUDAD = "HALIFAX" CODIGO_POSTAL = "B3L 1Y3" CALLE = "6411 LIVERPOOL ST" LATITUD = "44.6532087" LONGITUD = "-63.6085517" PROMEDIO_RATING = "4.1909090909090909" /><marker ID_RUTA = "1603" ID_CLIENTE = "60458177" ESTADO = "NS" CIUDAD = "HALIFAX" CODIGO_POSTAL = "B3K 3H2" CALLE = "3274 VEITH ST" LATITUD = "44.6671958" LONGITUD = "-63.5988803" PROMEDIO_RATING = "3.8444444444444444" /><marker ID_RUTA = "1603" ID_CLIENTE = "60458178" ESTADO = "NS" CIUDAD = "HALIFAX" CODIGO_POSTAL = "B3K 3Y4" CALLE = "3220 ISLEVILLE STREET" LATITUD = "44.663116" LONGITUD = "-63.6024131" PROMEDIO_RATING = "4.1941176470588235" /><marker ID_RUTA = "1603" ID_CLIENTE = "60459941" ESTADO = "NS" CIUDAD = "HALIFAX" CODIGO_POSTAL = "B3P 2J8" CALLE = "30 RIDGEVALLEY ROAD - M12" LATITUD = "44.6301769" LONGITUD = "-63.6215479" PROMEDIO_RATING = "4.0571428571428571" /><marker ID_RUTA = "3726" ID_CLIENTE = "60451034" ESTADO = "NB" CIUDAD = "GRAND MANAN" CODIGO_POSTAL = "E5G 4E5" CALLE = "1021 RET 776" LATITUD = "44.6930419" LONGITUD = "-66.7532965" PROMEDIO_RATING = "4.3500000000000000" /><marker ID_RUTA = "3726" ID_CLIENTE = "60452378" ESTADO = "NB" CIUDAD = "GRAND MANAN" CODIGO_POSTAL = "E5G 2A4" CALLE = "28 DURANT DR" LATITUD = "44.7663796" LONGITUD = "-66.7435713" PROMEDIO_RATING = "4.5583333333333333" /><marker ID_RUTA = "3726" ID_CLIENTE = "60452507" ESTADO = "NB" CIUDAD = "GRAND MANAN" CODIGO_POSTAL = "E5G 1A5" CALLE = "266 RET 776" LATITUD = "44.7654873" LONGITUD = "-66.7619765" PROMEDIO_RATING = "4.3500000000000000" /><marker ID_RUTA = "3726" ID_CLIENTE = "60452960" ESTADO = "NB" CIUDAD = "SAINT JOHN" CODIGO_POSTAL = "E2L 2E5" CALLE = "22 GERMAIN STREET" LATITUD = "45.2742225" LONGITUD = "-66.060856" PROMEDIO_RATING = "4.1500000000000000" /><marker ID_RUTA = "3726" ID_CLIENTE = "60454301" ESTADO = "NB" CIUDAD = "GRAND MANAN" CODIGO_POSTAL = "E5G 4M1" CALLE = "1358 ROUTE 776" LATITUD = "44.6837325" LONGITUD = "-66.7757135" PROMEDIO_RATING = "3.3333333333333333" /><marker ID_RUTA = "3726" ID_CLIENTE = "60455715" ESTADO = "NB" CIUDAD = "GRAND MANAN" CODIGO_POSTAL = "E5G 1A3" CALLE = "96 RET 776" LATITUD = "44.765771" LONGITUD = "-66.755066" PROMEDIO_RATING = "4.5166666666666667" /><marker ID_RUTA = "3726" ID_CLIENTE = "60457882" ESTADO = "NB" CIUDAD = "GRAND MANAN" CODIGO_POSTAL = "E0G 1X0" CALLE = "1140 RET 776" LATITUD = "44.6871767" LONGITUD = "-66.764768" PROMEDIO_RATING = "4.7666666666666667" /><marker ID_RUTA = "3726" ID_CLIENTE = "60457884" ESTADO = "NB" CIUDAD = "GRAND MANAN" CODIGO_POSTAL = "E5G 3A4" CALLE = "12 PETTEF COVE RD" LATITUD = "44.7631421" LONGITUD = "-66.7434799" PROMEDIO_RATING = "4.5363636363636364" /><marker ID_RUTA = "3726" ID_CLIENTE = "60457885" ESTADO = "NB" CIUDAD = "GRAND MANAN" CODIGO_POSTAL = "E5G 3A4" CALLE = "MARATHON LANE" LATITUD = "44.765208" LONGITUD = "-66.7491442" PROMEDIO_RATING = "4.6200000000000000" /><marker ID_RUTA = "3726" ID_CLIENTE = "60457889" ESTADO = "NB" CIUDAD = "GRAND MANAN" CODIGO_POSTAL = "E5K 1K3" CALLE = "139 WHITE HEAD ROAD" LATITUD = "44.6276683" LONGITUD = "-66.7226542" PROMEDIO_RATING = "4.0000000000000000" /><marker ID_RUTA = "3726" ID_CLIENTE = "60457890" ESTADO = "NB" CIUDAD = "GRAND MANAN" CODIGO_POSTAL = "E5G 3A1" CALLE = "1 FERRY WHARF ROAD" LATITUD = "44.7622097" LONGITUD = "-66.7461845" PROMEDIO_RATING = "4.5384615384615385" /><marker ID_RUTA = "3726" ID_CLIENTE = "60458719" ESTADO = "NB" CIUDAD = "GRAND MANAN" CODIGO_POSTAL = "E5G 3H2" CALLE = "1930 RTE 776" LATITUD = "44.6524494" LONGITUD = "-66.8397695" PROMEDIO_RATING = "4.7800000000000000" /><marker ID_RUTA = "3726" ID_CLIENTE = "60458794" ESTADO = "NB" CIUDAD = "GRAND MANAN" CODIGO_POSTAL = "E5G 3C4" CALLE = "791 RET 776" LATITUD = "44.7115791" LONGITUD = "-66.7460669" PROMEDIO_RATING = "4.4333333333333333" /><marker ID_RUTA = "3726" ID_CLIENTE = "60459962" ESTADO = "NB" CIUDAD = "GRAND MANAN" CODIGO_POSTAL = "E5G 1A7" CALLE = "12 PETTES COVE RD" LATITUD = "44.7631421" LONGITUD = "-66.7434799" PROMEDIO_RATING = "4.5363636363636364" /><marker ID_RUTA = "3726" ID_CLIENTE = "60483396" ESTADO = "NB" CIUDAD = "GRAND MANAN" CODIGO_POSTAL = "E5G 3C4" CALLE = "791 RTE 776" LATITUD = "44.7115791" LONGITUD = "-66.7460669" PROMEDIO_RATING = "4.4333333333333333" /><marker ID_RUTA = "4308" ID_CLIENTE = "60466725" ESTADO = "Alberta" CIUDAD = "CALGARY" CODIGO_POSTAL = "T2Z 4J2" CALLE = "4705 130TH AVE" LATITUD = "50.9293433" LONGITUD = "-113.9667619" PROMEDIO_RATING = "3.5944444444444444" /><marker ID_RUTA = "4308" ID_CLIENTE = "60466799" ESTADO = "Alberta" CIUDAD = "CALGARY" CODIGO_POSTAL = "T4A 1X7" CALLE = "255 EAST HILLS BLVD SE" LATITUD = "51.2868752" LONGITUD = "-113.9814258" PROMEDIO_RATING = "4.4416666666666667" /><marker ID_RUTA = "4308" ID_CLIENTE = "60470476" ESTADO = "Alberta" CIUDAD = "CALGARY" CODIGO_POSTAL = "T2A 6J8" CALLE = "75 EAST HILLS BLVD" LATITUD = "51.0431824" LONGITUD = "-113.9174733" PROMEDIO_RATING = "3.9666666666666667" /><marker ID_RUTA = "4308" ID_CLIENTE = "60470477" ESTADO = "Alberta" CIUDAD = "CALGARY" CODIGO_POSTAL = "T2A 6J8" CALLE = "75 EAST HILLS BLVD" LATITUD = "51.0431824" LONGITUD = "-113.9174733" PROMEDIO_RATING = "3.9666666666666667" /></markers>